dt,kabupaten,jumlah_kejadian,meninggal,hilang,luka_sakit,menderita,mengungsi,rumah_rusak_berat,rumah_rusak_sedang,rumah_rusak_ringan,rumah_terendam,estimasi_kerugian_rumah,pendidikan_rusak,fasyankes_rusak,rumah_ibadat_rusak,fasum_rusak,jembatan_rusak,kantor_rusak
2025-05-23 09:15:00,Kota Adm. Jakarta Timur,1,0,0,0,351,0,0,0,0,131,131,0,0,0,0,0,0
2025-05-16 16:30:00,Kota Adm. Jakarta Timur,1,0,0,0,450,0,0,0,0,150,150,0,0,0,0,0,0
2025-05-15 08:10:00,Kota Adm. Jakarta Timur,1,0,0,0,390,0,0,0,0,133,133,0,0,0,0,0,0
2025-04-12 01:30:00,Kota Adm. Jakarta Timur,1,0,0,0,125,0,0,0,0,44,44,0,0,0,0,0,0
2025-03-18 10:21:00,Kota Adm. Jakarta Selatan,0.333333333,0,0,0,0,22,0,0,0,0,0,0,0,0,0,0,0
2025-03-18 10:21:00,Kota Adm. Jakarta Timur,0.333333333,0,0,0,721,0,0,0,0,190,190,0,0,0,0,0,0
2025-03-18 10:21:00,Kota Adm. Jakarta Barat,0.333333333,0,0,0,0,0,0,0,0,0,0,0,0,0,0,0,0
2025-03-03 07:45:00,Kota Adm. Jakarta Selatan,0.25,1,0,0,0,0,0,0,0,0,0,0,0,0,0,0,0
2025-03-03 00:30:00,Kota Adm. Jakarta Selatan,0.25,1,0,0,2128,3195,0,0,0,1411,1411,0,0,0,0,0,0
2025-03-03 00:30:00,Kota Adm. Jakarta Timur,0.25,0,0,0,1818,3092,0,0,0,0,0,0,0,0,0,0,0
2025-03-03 00:30:00,Kota Adm. Jakarta Barat,0.25,0,0,0,456,293,0,0,0,0,0,0,0,0,0,0,0
2025-02-08 02:45:00,Kota Adm. Jakarta Barat,1,0,0,0,0,310,0,0,0,0,0,0,0,0,0,0,0
2025-02-07 00:30:00,Kota Adm. Jakarta Barat,1,0,0,0,0,310,0,0,0,86,86,0,0,0,0,0,0
2025-01-29 17:10:00,Kota Adm. Jakarta Utara,1,0,0,0,0,1985,0,0,0,0,0,0,0,0,0,0,0
2025-01-29 09:00:00,Kota Adm. Jakarta Barat,1,0,0,0,0,66,0,0,0,0,0,0,0,0,0,0,0
2025-01-29 08:00:00,Kota Adm. Jakarta Timur,1,0,0,0,0,169,0,0,0,0,0,0,0,0,0,0,0
2025-01-28 19:00:00,Kota Adm. Jakarta Barat,1,0,0,0,300,3644,0,0,0,700,700,0,0,0,0,0,0
2024-11-28 00:01:00,Kota Adm. Jakarta Timur,1,0,0,0,0,206,0,0,0,0,0,0,0,0,0,0,0
2024-11-27 23:00:00,Kota Adm. Jakarta Selatan,1,0,0,0,3069,206,0,0,0,950,950,0,0,0,0,0,0
2024-11-24 00:01:00,Kota Adm. Jakarta Selatan,1,0,0,0,0,111,0,0,0,0,0,0,0,0,0,0,0
2024-11-19 00:01:00,Kota Adm. Jakarta Selatan,1,0,0,0,0,86,0,0,0,0,0,0,0,0,0,0,0
2024-09-12 23:30:00,Kota Adm. Jakarta Timur,1,0,0,0,250,0,0,0,0,0,0,0,0,0,0,0,0
2024-05-25 06:00:00,Kota Adm. Jakarta Timur,1,0,0,0,463,0,0,0,0,146,146,0,0,0,0,0,0
2024-04-03 19:00:00,Kota Adm. Jakarta Barat,0.333333333,0,0,0,1005,0,0,0,0,320,320,0,0,0,0,0,0
2024-03-22 06:00:00,Kota Adm. Jakarta Barat,0.25,0,0,0,930,0,0,0,0,245,245,0,0,0,0,0,0
2024-02-14 06:00:00,Kota Adm. Jakarta Barat,1,0,0,0,223,0,0,0,0,50,50,0,0,0,0,0,0
2024-02-05 17:00:00,Kota Adm. Jakarta Barat,1,0,0,0,78,0,0,0,0,26,26,0,0,0,0,0,0
2024-01-31 00:01:00,Kota Adm. Jakarta Utara,1,0,0,0,0,120,0,0,0,0,0,0,0,0,0,0,0
2024-01-13 15:00:00,Kota Adm. Jakarta Barat,0.333333333,0,0,0,975,0,0,0,0,314,314,0,0,0,0,0,0
2024-01-07 07:30:00,Kota Adm. Jakarta Barat,0.5,0,0,0,1165,0,0,0,0,364,364,0,0,0,0,0,0
2024-01-05 18:30:00,Kota Adm. Jakarta Selatan,1,0,0,0,975,0,0,0,0,314,314,0,0,0,0,0,0
2023-11-30 09:10:00,Kota Adm. Jakarta Selatan,0.5,0,0,0,1213,32,0,0,0,371,371,0,0,0,0,0,0
2023-11-30 09:10:00,Kota Adm. Jakarta Timur,0.5,0,0,0,0,0,0,0,0,0,0,0,0,0,0,0,0
2023-05-07 00:01:00,Kota Adm. Jakarta Timur,1,0,0,0,0,14,0,0,0,0,0,0,0,0,0,0,0
2023-03-15 00:01:00,Kota Adm. Jakarta Selatan,1,0,0,0,0,0,30,0,0,0,1800,0,0,0,0,0,0
2023-03-02 17:00:00,Kota Adm. Jakarta Barat,1,0,0,0,120,87,0,0,0,11,11,0,0,0,0,0,0
2023-02-27 00:01:00,Kota Adm. Jakarta Timur,1,0,0,0,7,0,0,0,0,0,0,0,0,0,0,0,0
2023-02-27 00:01:00,Kota Adm. Jakarta Barat,1,0,0,0,346,0,0,0,0,0,0,0,0,0,0,0,0
2023-01-01 00:01:00,Kota Adm. Jakarta Utara,1,0,0,0,55,0,0,0,0,0,0,0,0,0,0,0,0
2022-12-16 16:22:00,Kota Adm. Jakarta Selatan,1,0,0,0,989,59,0,0,1,373,388,0,0,0,0,0,0
2022-12-03 17:30:00,Kota Adm. Jakarta Selatan,1,0,0,0,1089,0,0,0,0,399,399,0,0,0,0,0,0
2022-11-13 08:00:00,Kota Adm. Jakarta Selatan,0.333333333,0,0,0,0,0,0,0,0,0,0,0,0,0,0,0,0
2022-11-13 08:00:00,Kota Adm. Jakarta Timur,0.333333333,0,0,0,123,0,0,0,0,41,41,0,0,0,0,0,0
2022-11-13 08:00:00,Kota Adm. Jakarta Utara,0.333333333,0,0,0,0,0,0,0,0,0,0,0,0,0,0,0,0
2022-10-19 17:00:00,Kota Adm. Jakarta Timur,1,0,0,0,783,0,0,0,0,263,263,0,0,0,0,0,0
2022-10-06 14:00:00,Kota Adm. Jakarta Selatan,1,3,0,4,3964,2402,0,0,0,0,0,1,0,0,1,0,0
2022-10-04 16:00:00,Kota Adm. Jakarta Selatan,1,0,0,0,0,177,0,0,0,0,0,0,0,0,0,0,0
2022-08-16 18:00:00,Kota Adm. Jakarta Selatan,0.5,0,0,0,440,0,0,0,0,110,110,0,0,0,0,0,0
2022-08-16 18:00:00,Kota Adm. Jakarta Timur,0.5,0,0,0,0,0,0,0,0,0,0,0,0,0,0,0,0
2022-07-15 18:00:00,Kota Adm. Jakarta Selatan,0.25,0,0,0,1093,272,0,0,0,111,111,0,0,0,0,0,0
2022-07-15 18:00:00,Kota Adm. Jakarta Timur,0.25,0,0,0,0,0,0,0,0,0,0,0,0,0,0,0,0
2022-07-15 18:00:00,Kota Adm. Jakarta Barat,0.25,0,0,0,0,0,0,0,0,0,0,0,0,0,0,0,0
2022-07-15 18:00:00,Kota Adm. Jakarta Utara,0.25,0,0,0,0,0,0,0,0,0,0,0,0,0,0,0,0
2022-04-05 23:30:00,Kota Adm. Jakarta Timur,0.5,0,0,0,0,0,0,0,0,0,0,0,0,0,0,0,0
2022-04-05 23:30:00,Kota Adm. Jakarta Barat,0.5,0,0,0,126,0,0,0,0,20,20,0,0,0,0,0,0
2022-03-17 12:01:00,Kota Adm. Jakarta Selatan,0.5,0,0,0,0,0,0,0,0,0,0,0,0,0,0,0,0
2022-03-17 12:01:00,Kota Adm. Jakarta Barat,0.5,0,0,0,157,0,0,0,0,29,29,0,0,0,0,0,0
2022-02-17 01:30:00,Kota Adm. Jakarta Selatan,0.5,0,0,0,828,0,0,0,0,0,0,0,0,0,0,0,0
2022-02-17 01:30:00,Kota Adm. Jakarta Timur,0.5,0,0,0,0,0,0,0,0,0,0,0,0,0,0,0,0
2021-12-20 23:59:00,Kota Adm. Jakarta Barat,0.5,0,0,0,0,7,0,0,0,0,0,0,0,0,0,0,0
2021-12-20 00:01:00,Kota Adm. Jakarta Selatan,0.5,0,0,0,50,0,0,0,0,0,0,0,0,0,0,0,0
2021-11-12 19:00:00,Kota Adm. Jakarta Selatan,1,0,0,0,20,20,0,0,0,0,0,0,0,0,0,0,0
2021-11-08 08:10:00,Kota Adm. Jakarta Timur,1,0,0,0,226,417,0,0,0,218,218,0,0,0,0,0,0
2021-11-07 00:01:00,Kota Adm. Jakarta Selatan,0.5,0,0,0,97,0,0,0,0,0,0,0,0,0,0,0,0
2021-11-07 00:01:00,Kota Adm. Jakarta Timur,0.5,0,0,0,129,0,0,0,0,0,0,0,0,0,0,0,0
2021-11-01 13:00:00,Kota Adm. Jakarta Timur,1,0,0,0,2413,144,0,0,0,942,942,0,0,0,0,0,0
2021-08-05 00:01:00,Kota Adm. Jakarta Selatan,1,0,0,0,20,0,0,0,0,0,0,0,0,0,0,0,0
2021-06-23 07:00:00,Kota Adm. Jakarta Timur,1,0,0,0,148,0,0,0,0,0,0,0,0,0,0,0,0
2021-05-21 00:01:00,Kota Adm. Jakarta Selatan,1,0,0,0,198,0,0,0,0,0,0,0,0,0,0,0,0
2021-05-18 00:01:00,Kota Adm. Jakarta Barat,1,0,0,0,188,0,0,0,0,0,0,0,0,0,0,0,0
2021-05-17 01:00:00,Kota Adm. Jakarta Timur,1,0,0,0,1056,0,0,0,0,342,342,0,0,0,0,0,0
2021-04-28 00:01:00,Kota Adm. Jakarta Timur,1,0,0,0,147,0,0,0,0,0,0,0,0,0,0,0,0
2021-02-20 03:00:00,Kota Adm. Jakarta Selatan,0.25,2,1,0,6963,19,0,0,0,0,0,0,0,0,0,0,0
2021-02-20 03:00:00,Kota Adm. Jakarta Timur,0.25,0,0,0,8953,1361,0,0,0,0,0,0,0,0,0,0,0
2021-02-20 03:00:00,Kota Adm. Jakarta Barat,0.25,3,0,0,8988,1380,0,0,0,0,0,0,0,0,0,0,0
2021-02-20 00:01:00,Kota Adm. Jakarta Timur,0.25,0,0,0,1014,0,0,0,0,0,0,0,0,0,0,0,0
2021-02-19 12:00:00,Kota Adm. Jakarta Timur,0.333333333,0,0,0,3100,694,0,0,0,0,0,0,0,0,0,0,0
2021-02-19 00:01:00,Kota Adm. Jakarta Selatan,0.333333333,0,0,0,1488,0,0,0,0,0,0,0,0,0,0,0,0
2021-02-19 00:01:00,Kota Adm. Jakarta Timur,0.333333333,0,0,0,2957,0,0,0,0,0,0,0,0,0,0,0,0
2021-02-18 00:01:00,Kota Adm. Jakarta Selatan,1,0,0,0,37,0,0,0,0,0,0,0,0,0,0,0,0
2021-02-17 06:00:00,Kota Adm. Jakarta Barat,1,0,0,0,0,66,0,0,0,14,14,0,0,0,0,0,0
2021-02-16 00:01:00,Kota Adm. Jakarta Barat,1,0,0,0,358,0,0,0,0,0,0,0,0,0,0,0,0
2021-02-08 00:01:00,Kota Adm. Jakarta Selatan,0.5,0,0,0,343,0,0,0,0,0,0,0,0,0,0,0,0
2021-02-08 00:01:00,Kota Adm. Jakarta Timur,0.5,0,0,0,345,0,0,0,0,0,0,0,0,0,0,0,0
2021-02-07 13:00:00,Kota Adm. Jakarta Selatan,0.333333333,0,0,0,8419,3670,0,0,0,0,0,0,0,0,0,0,0
2021-02-07 13:00:00,Kota Adm. Jakarta Timur,0.333333333,0,0,0,416,0,0,0,0,0,0,0,0,0,0,0,0
2021-02-07 00:01:00,Kota Adm. Jakarta Barat,0.333333333,0,0,0,47,0,0,0,0,0,0,0,0,0,0,0,0
2021-02-03 00:01:00,Kota Adm. Jakarta Utara,1,0,0,0,46,0,0,0,0,0,0,0,0,0,0,0,0
2021-01-24 07:00:00,Kota Adm. Jakarta Timur,1,0,0,0,185,0,0,0,0,0,0,0,0,0,0,0,0
2020-12-06 09:00:00,Kota Adm. Jakarta Selatan,0.5,0,0,0,0,0,0,0,0,0,0,0,0,0,0,0,0
2020-12-06 09:00:00,Kota Adm. Jakarta Timur,0.5,0,0,0,1067,0,0,0,0,0,0,0,0,0,0,0,0
2020-11-01 13:25:00,Kota Adm. Jakarta Selatan,0.333333333,0,0,0,0,0,0,0,0,0,0,0,0,0,0,0,0
2020-11-01 13:25:00,Kota Adm. Jakarta Timur,0.333333333,0,0,0,0,0,0,0,0,0,0,0,0,0,0,0,0
2020-11-01 13:25:00,Kota Adm. Jakarta Utara,0.333333333,0,0,0,0,0,0,0,0,0,0,0,0,0,0,0,0
2020-10-25 00:01:00,Kota Adm. Jakarta Selatan,0.5,0,0,0,2513,0,0,0,0,808,808,0,0,0,0,0,0
2020-10-25 00:01:00,Kota Adm. Jakarta Timur,0.5,0,0,0,0,0,0,0,0,0,0,0,0,0,0,0,0
2020-10-10 20:00:00,Kota Adm. Jakarta Selatan,0.333333333,1,0,2,600,1269,0,0,0,325,325,0,0,0,0,0,0
2020-10-10 20:00:00,Kota Adm. Jakarta Timur,0.333333333,0,0,0,0,64,0,0,0,0,0,0,0,0,0,0,0
2020-10-10 20:00:00,Kota Adm. Jakarta Barat,0.333333333,0,0,0,0,0,0,0,0,0,0,0,0,0,0,0,0
2020-10-04 20:00:00,Kota Adm. Jakarta Selatan,0.5,0,0,0,1068,257,0,0,0,0,0,0,0,0,0,0,0
2020-10-04 20:00:00,Kota Adm. Jakarta Timur,0.5,0,0,0,0,0,0,0,0,0,0,0,0,0,0,0,0
2020-09-22 06:00:00,Kota Adm. Jakarta Selatan,0.2,0,0,0,0,89,0,0,0,0,0,0,0,0,0,0,0
2020-09-22 06:00:00,Kota Adm. Jakarta Timur,0.2,0,0,0,0,0,0,0,0,0,0,0,0,0,0,0,0
2020-09-22 06:00:00,Kota Adm. Jakarta Pusat,0.2,0,0,0,0,0,0,0,0,0,0,0,0,0,0,0,0
2020-09-22 06:00:00,Kota Adm. Jakarta Barat,0.2,0,0,0,0,15,0,0,0,0,0,0,0,0,0,0,0
2020-09-22 06:00:00,Kota Adm. Jakarta Utara,0.2,0,0,0,0,0,0,0,0,0,0,0,0,0,0,0,0
2020-06-04 21:17:00,Kota Adm. Jakarta Utara,1,0,0,0,200,0,0,0,0,50,50,0,0,0,0,0,0
2020-05-21 03:00:00,Kota Adm. Jakarta Selatan,0.5,0,0,0,0,0,0,0,0,0,0,0,0,0,0,0,0
2020-05-21 03:00:00,Kota Adm. Jakarta Timur,0.5,0,0,0,817,0,0,0,0,248,248,0,0,0,0,0,0
2020-05-18 23:00:00,Kota Adm. Jakarta Selatan,0.5,0,0,0,77,0,0,0,0,0,0,0,0,0,0,0,0
2020-05-18 23:00:00,Kota Adm. Jakarta Timur,0.5,0,0,0,2584,213,0,0,0,750,750,0,0,0,0,0,0
2020-05-10 17:00:00,Kota Adm. Jakarta Selatan,0.5,0,0,0,0,0,0,0,0,0,0,0,0,0,0,0,0
2020-05-10 17:00:00,Kota Adm. Jakarta Timur,0.5,0,0,0,0,0,0,0,0,0,0,0,0,0,0,0,0
2020-04-30 18:01:00,Kota Adm. Jakarta Selatan,0.333333333,0,0,0,0,0,0,0,0,0,0,0,0,0,0,0,0
2020-04-30 18:01:00,Kota Adm. Jakarta Timur,0.333333333,0,0,0,1380,0,0,0,0,0,0,0,0,0,0,0,0
2020-04-30 18:01:00,Kota Adm. Jakarta Barat,0.333333333,0,0,0,0,0,0,0,0,0,0,0,0,0,0,0,0
2020-04-26 19:00:00,Kota Adm. Jakarta Selatan,1,0,0,0,0,10,0,0,0,3,3,0,0,0,0,0,0
2020-04-01 00:15:00,Kota Adm. Jakarta Timur,1,0,0,0,266,0,0,0,0,0,0,0,0,0,0,0,0
2020-02-25 00:01:00,Kota Adm. Jakarta Selatan,0.2,1,0,0,0,0,0,0,0,0,0,0,0,0,0,0,0
2020-02-25 00:01:00,Kota Adm. Jakarta Timur,0.2,1,0,0,25658,9890,0,0,0,0,0,0,0,0,0,0,0
2020-02-25 00:01:00,Kota Adm. Jakarta Pusat,0.2,0,0,0,0,0,0,0,0,0,0,0,0,0,0,0,0
2020-02-25 00:01:00,Kota Adm. Jakarta Barat,0.2,1,0,0,0,0,0,0,0,0,0,0,0,0,0,0,0
2020-02-25 00:01:00,Kota Adm. Jakarta Utara,0.2,0,0,0,0,0,0,0,0,0,0,0,0,0,0,0,0
2020-02-23 06:00:00,Kota Adm. Jakarta Selatan,0.2,0,0,0,0,0,0,0,0,0,0,0,0,0,0,0,0
2020-02-23 06:00:00,Kota Adm. Jakarta Timur,0.2,0,0,0,24090,3512,0,0,0,0,0,0,0,0,0,0,0
2020-02-23 06:00:00,Kota Adm. Jakarta Pusat,0.2,0,0,0,0,0,0,0,0,0,0,0,0,0,0,0,0
2020-02-23 06:00:00,Kota Adm. Jakarta Barat,0.2,0,0,0,0,0,0,0,0,0,0,0,0,0,0,0,0
2020-02-23 06:00:00,Kota Adm. Jakarta Utara,0.2,0,0,0,0,0,0,0,0,0,0,0,0,0,0,0,0
2020-02-20 09:00:00,Kota Adm. Jakarta Selatan,0.2,0,0,0,0,54,0,0,0,0,0,0,0,0,0,0,0
2020-02-20 09:00:00,Kota Adm. Jakarta Timur,0.2,0,0,0,0,621,0,0,0,0,0,0,0,0,0,0,0
2020-02-20 09:00:00,Kota Adm. Jakarta Pusat,0.2,0,0,0,0,0,0,0,0,0,0,0,0,0,0,0,0
2020-02-20 09:00:00,Kota Adm. Jakarta Barat,0.2,0,0,0,0,0,0,0,0,0,0,0,0,0,0,0,0
2020-02-20 09:00:00,Kota Adm. Jakarta Utara,0.2,0,0,0,0,0,0,0,0,0,0,0,0,0,0,0,0
2020-02-16 00:01:00,Kota Adm. Jakarta Selatan,0.333333333,0,0,0,0,0,0,0,0,0,0,0,0,0,0,0,0
2020-02-16 00:01:00,Kota Adm. Jakarta Timur,0.333333333,1,0,0,0,54,0,0,0,783,783,0,0,0,0,0,0
2020-02-16 00:01:00,Kota Adm. Jakarta Barat,0.333333333,0,0,0,0,0,0,0,0,0,0,0,0,0,0,0,0
2020-02-08 09:00:00,Kota Adm. Jakarta Selatan,0.2,0,0,0,0,391,0,0,0,0,0,0,0,0,0,0,0
2020-02-08 09:00:00,Kota Adm. Jakarta Timur,0.2,0,0,0,1925,2331,0,0,0,0,0,0,0,0,0,0,0
2020-02-08 09:00:00,Kota Adm. Jakarta Pusat,0.2,0,0,0,0,0,0,0,0,0,0,0,0,0,0,0,0
2020-02-08 09:00:00,Kota Adm. Jakarta Barat,0.2,0,0,0,0,0,0,0,0,0,0,0,0,0,0,0,0
2020-02-08 09:00:00,Kota Adm. Jakarta Utara,0.2,0,0,0,0,405,0,0,0,0,0,0,0,0,0,0,0
2020-02-01 07:00:00,Kota Adm. Jakarta Barat,1,0,0,0,1180,71,0,0,0,0,0,0,0,0,0,0,0
2020-01-26 23:59:00,Kota Adm. Jakarta Selatan,1,0,0,0,0,134,0,0,0,0,0,0,0,0,0,0,0
2020-01-01 06:00:00,Kota Adm. Jakarta Selatan,0.2,1,0,0,0,8104,0,0,0,0,0,0,0,0,0,0,0
2020-01-01 06:00:00,Kota Adm. Jakarta Timur,0.2,8,0,0,5126,13516,0,0,0,1000,1000,0,0,0,0,0,0
2020-01-01 06:00:00,Kota Adm. Jakarta Pusat,0.2,2,0,0,0,2703,0,0,0,0,0,0,0,0,0,0,0
2020-01-01 06:00:00,Kota Adm. Jakarta Barat,0.2,4,0,0,0,10586,0,0,0,0,0,0,0,0,0,0,0
2020-01-01 06:00:00,Kota Adm. Jakarta Utara,0.2,1,0,0,0,1515,0,0,0,0,0,0,0,0,0,0,0
2019-04-26 01:30:00,Kota Adm. Jakarta Timur,0.5,0,0,0,0,0,0,0,0,0,0,0,0,0,0,0,0
2019-04-25 01:30:00,Kota Adm. Jakarta Selatan,0.5,2,0,0,0,2258,0,0,0,0,0,0,0,0,0,0,0
2018-12-08 00:01:00,Kota Adm. Jakarta Utara,1,0,0,0,0,0,0,0,0,100,100,0,0,0,0,0,0
2018-12-03 00:01:00,Kota Adm. Jakarta Timur,1,0,0,0,0,800,0,0,0,0,0,0,0,0,0,0,0
2018-11-12 00:01:00,Kota Adm. Jakarta Timur,1,0,0,0,0,1499,0,0,0,0,0,0,0,0,0,0,0
2018-11-11 00:01:00,Kota Adm. Jakarta Timur,1,0,0,0,0,2098,0,0,0,0,0,0,0,0,0,0,0
2018-10-29 00:01:00,Kota Adm. Jakarta Timur,1,0,0,0,0,1100,0,0,0,0,0,0,0,0,0,0,0
2018-06-25 00:01:00,Kota Adm. Jakarta Timur,0.5,0,0,0,0,168,0,0,0,0,0,0,0,0,0,0,0
2018-06-25 00:01:00,Kota Adm. Jakarta Barat,0.5,0,0,0,305,0,0,0,0,0,0,0,0,0,0,0,0
2018-05-21 00:01:00,Kota Adm. Jakarta Timur,1,0,0,0,0,636,0,0,0,0,0,0,0,0,0,0,0
2018-05-03 00:01:00,Kota Adm. Jakarta Selatan,1,0,0,0,0,69,0,0,0,0,0,0,0,0,0,0,0
2018-03-04 00:01:00,Kota Adm. Jakarta Selatan,1,0,0,0,0,0,0,0,0,250,250,0,0,0,0,0,0
2018-03-04 00:01:00,Kota Adm. Jakarta Timur,1,0,0,0,1000,0,0,0,0,303,303,0,0,0,0,0,0
2018-02-15 00:01:00,Kota Adm. Jakarta Timur,1,1,0,0,0,46,0,0,0,0,0,0,0,0,0,0,0
2018-02-15 00:01:00,Kota Adm. Jakarta Utara,1,0,0,0,0,270,0,0,0,0,0,0,0,0,0,0,0
2018-02-06 00:01:00,Kota Adm. Jakarta Timur,1,0,0,0,0,4826,0,0,0,0,0,0,0,0,0,0,0
2018-02-05 00:01:00,Kota Adm. Jakarta Selatan,0.5,0,0,1,0,8616,0,0,0,227,227,0,0,0,0,0,0
2018-02-05 00:01:00,Kota Adm. Jakarta Timur,0.5,1,0,0,5757,4489,0,0,0,350,350,0,0,0,0,0,0
2017-12-11 08:08:08,Kota Adm. Jakarta Timur,1,0,0,0,0,0,0,0,0,0,0,0,0,0,0,0,0
2017-10-19 08:08:08,Kota Adm. Jakarta Selatan,1,1,0,0,0,0,0,0,0,0,0,0,0,0,0,0,0
2017-07-10 08:08:08,Kota Adm. Jakarta Selatan,1,0,0,0,225,0,0,0,0,0,0,0,0,0,0,0,0
2017-07-10 08:08:08,Kota Adm. Jakarta Timur,1,0,0,0,1160,0,0,0,0,0,0,0,0,0,0,0,0
2017-04-02 08:08:08,Kota Adm. Jakarta Timur,1,0,0,0,0,30,0,0,0,0,0,0,0,0,0,0,0
2017-04-01 08:08:08,Kota Adm. Jakarta Timur,1,0,0,0,0,38,0,0,0,0,0,0,0,0,0,0,0
2017-03-28 08:08:08,Kota Adm. Jakarta Pusat,1,2,0,0,0,0,0,0,0,0,0,0,0,0,0,0,0
2017-03-17 08:08:08,Kota Adm. Jakarta Selatan,1,0,0,0,3266,0,0,0,0,0,0,0,0,0,0,0,0
2017-03-09 08:08:08,Kota Adm. Jakarta Timur,1,0,0,0,591,0,0,0,0,0,0,0,0,0,0,0,0
2017-03-02 08:08:08,Kota Adm. Jakarta Selatan,1,0,0,0,0,0,0,0,0,0,0,0,0,0,0,0,0
2017-02-24 08:08:08,Kota Adm. Jakarta Barat,1,0,0,0,0,0,0,0,0,0,0,0,0,0,0,0,0
2017-02-21 08:08:08,Kota Adm. Jakarta Timur,1,3,0,0,4806,7808,0,0,0,1178,1178,0,0,0,0,0,0
2017-02-20 08:08:08,Kota Adm. Jakarta Timur,1,0,0,0,372,1406,0,0,0,0,0,0,0,0,0,0,0
2017-02-12 08:08:08,Kota Adm. Jakarta Selatan,1,0,0,0,422,0,0,0,0,0,0,0,0,0,0,0,0
2016-11-11 08:08:08,Kota Adm. Jakarta Selatan,1,0,0,0,55,55,0,0,0,88,88,0,0,0,0,0,0
2016-11-09 08:08:08,Kota Adm. Jakarta Selatan,1,0,0,0,2024,0,0,0,0,610,610,0,0,0,0,0,0
2016-10-11 08:08:08,Kota Adm. Jakarta Timur,1,0,0,0,3331,0,0,0,0,0,0,0,0,0,0,0,0
2016-09-25 08:08:08,Kota Adm. Jakarta Barat,1,0,0,0,135,135,0,0,0,0,0,0,0,0,0,0,0
2016-09-07 08:08:08,Kota Adm. Jakarta Selatan,1,0,0,0,45,20,0,0,0,0,0,0,0,0,0,0,0
2016-09-07 08:08:08,Kota Adm. Jakarta Timur,1,0,0,0,718,0,0,0,0,0,0,0,0,0,0,0,0
2016-08-28 08:08:08,Kota Adm. Jakarta Timur,1,0,0,0,80,0,0,0,0,20,20,0,0,0,0,0,0
2016-08-28 08:08:08,Kota Adm. Jakarta Barat,1,0,0,0,94,0,0,0,0,13,13,0,0,0,0,0,0
2016-08-27 08:08:08,Kota Adm. Jakarta Selatan,1,0,0,0,31622,216,0,0,0,0,0,0,0,0,0,0,0
2016-08-19 08:08:08,Kota Adm. Jakarta Selatan,1,3,0,0,0,5,0,0,0,0,0,0,0,0,0,0,0
2016-07-22 08:08:08,Kota Adm. Jakarta Selatan,1,0,0,0,1665,32,0,0,0,0,0,0,0,0,0,0,0
2016-07-22 08:08:08,Kota Adm. Jakarta Barat,1,0,0,0,722,0,0,0,0,0,0,0,0,0,0,0,0
2016-05-25 08:08:08,Kota Adm. Jakarta Timur,1,0,0,0,6171,0,0,0,0,1466,1466,0,0,0,0,0,0
2016-04-26 08:08:08,Kota Adm. Jakarta Timur,1,0,0,0,319,0,0,0,0,0,0,0,0,0,0,0,0
2016-04-22 08:08:08,Kota Adm. Jakarta Selatan,1,0,0,0,4424,365,0,0,0,0,0,0,0,0,0,0,0
2016-04-22 08:08:08,Kota Adm. Jakarta Timur,1,0,0,0,7035,878,0,0,0,0,0,0,0,0,0,0,0
2016-04-21 08:08:08,Kota Adm. Jakarta Utara,1,0,0,0,90,40,0,0,0,0,0,0,0,0,0,0,0
2016-04-20 08:08:08,Kota Adm. Jakarta Selatan,1,0,0,0,425,0,0,0,0,0,0,0,0,0,0,0,0
2016-04-02 08:08:08,Kota Adm. Jakarta Selatan,1,0,0,0,7650,250,0,0,0,0,0,0,0,0,0,0,0
2016-04-02 08:08:08,Kota Adm. Jakarta Timur,1,0,0,0,11601,0,0,0,0,0,0,0,0,0,0,0,0
2016-03-18 08:08:08,Kota Adm. Jakarta Timur,1,0,0,0,3906,0,0,0,0,0,0,0,0,0,0,0,0
2016-03-15 08:08:08,Kota Adm. Jakarta Timur,1,0,0,0,6834,0,0,0,0,0,0,0,0,0,0,0,0
2016-03-11 08:08:08,Kota Adm. Jakarta Selatan,1,0,0,0,6383,0,0,0,0,0,0,0,0,0,0,0,0
2016-03-08 08:08:08,Kota Adm. Jakarta Selatan,1,0,0,0,2195,0,0,0,0,0,0,0,0,0,0,0,0
2016-03-08 08:08:08,Kota Adm. Jakarta Timur,1,0,0,0,6620,0,0,0,0,0,0,0,0,0,0,0,0
2016-03-05 08:08:08,Kota Adm. Jakarta Selatan,1,0,0,0,656,0,0,0,0,0,0,0,0,0,0,0,0
2016-03-05 08:08:08,Kota Adm. Jakarta Timur,1,0,0,0,7470,0,0,0,0,0,0,0,0,0,0,0,0
2016-03-02 08:08:08,Kota Adm. Jakarta Utara,1,0,0,0,27920,642,0,0,0,8490,8490,0,0,0,0,0,0
2016-03-01 08:08:08,Kota Adm. Jakarta Barat,1,0,0,0,0,590,0,0,0,0,0,0,0,0,0,0,0
2016-02-27 08:08:08,Kota Adm. Jakarta Barat,1,0,0,0,24175,359,0,0,0,0,0,0,0,0,0,0,0
2016-02-26 08:08:08,Kota Adm. Jakarta Barat,1,0,0,0,100,0,0,0,0,0,0,0,0,0,0,0,0
2016-02-25 08:08:08,Kota Adm. Jakarta Timur,1,0,0,0,1840,0,0,0,0,0,0,0,0,0,0,0,0
2016-02-14 08:08:08,Kota Adm. Jakarta Barat,1,0,0,0,2072,0,0,0,0,0,0,0,0,0,0,0,0
2016-02-12 08:08:08,Kota Adm. Jakarta Timur,1,0,0,0,3032,0,0,0,0,0,0,0,0,0,0,0,0
2016-01-20 08:08:08,Kota Adm. Jakarta Selatan,1,0,0,0,27,0,0,0,0,0,0,0,0,0,0,0,0
2016-01-12 08:08:08,Kota Adm. Jakarta Selatan,1,0,0,0,1837,0,0,0,0,0,0,0,0,0,0,0,0
2015-11-16 08:08:08,Kota Adm. Jakarta Selatan,1,0,0,0,935,0,0,0,0,0,0,0,0,0,0,0,0
2015-11-16 08:08:08,Kota Adm. Jakarta Selatan,1,0,0,0,0,0,0,0,0,0,0,0,0,0,0,0,0
2015-03-23 08:08:08,Kota Adm. Jakarta Timur,1,0,0,0,7699,0,0,0,0,0,0,0,0,0,0,0,0
2015-02-09 08:08:08,Kota Adm. Jakarta Selatan,0.200000003,0,0,0,2842,513,0,0,0,0,0,0,0,0,0,0,0
2015-02-09 08:08:08,Kota Adm. Jakarta Timur,0.200000003,0,0,0,532,1119,0,0,0,0,0,0,0,0,0,0,0
2015-02-09 08:08:08,Kota Adm. Jakarta Pusat,0.200000003,0,0,0,1212,1212,0,0,0,0,0,0,0,0,0,0,0
2015-02-09 08:08:08,Kota Adm. Jakarta Barat,0.200000003,0,0,0,52297,6906,0,0,0,0,0,0,0,0,0,0,0
2015-02-09 08:08:08,Kota Adm. Jakarta Utara,0.200000003,0,0,0,0,4878,0,0,0,0,0,0,0,0,0,0,0
2015-01-23 08:08:08,Kota Adm. Jakarta Timur,0.333332986,0,0,0,3427,0,0,0,0,0,0,0,0,0,0,0,0
2015-01-23 08:08:08,Kota Adm. Jakarta Barat,0.333332986,0,0,0,6980,0,0,0,0,0,0,0,0,0,0,0,0
2015-01-23 08:08:08,Kota Adm. Jakarta Utara,0.333332986,0,0,0,703,550,0,0,0,0,0,0,0,0,0,0,0
2014-12-23 08:08:08,Kota Adm. Jakarta Selatan,1,0,0,0,0,5829,0,0,0,0,0,0,0,0,0,0,0
2014-11-20 08:08:08,Kota Adm. Jakarta Selatan,0.5,0,0,0,0,0,0,0,0,0,0,0,0,0,0,0,0
2014-11-20 08:08:08,Kota Adm. Jakarta Timur,0.5,0,0,0,20813,1089,0,0,0,6645,6645,0,0,0,0,0,0
2014-11-14 08:08:08,Kota Adm. Jakarta Timur,1,0,0,0,3427,0,0,0,0,0,0,0,0,0,0,0,0
2014-11-12 08:08:08,Kota Adm. Jakarta Timur,1,0,0,0,3427,0,0,0,0,0,0,0,0,0,0,0,0
2014-11-11 08:08:08,Kota Adm. Jakarta Timur,1,0,0,0,0,0,0,0,0,0,0,0,0,0,0,0,0
2014-08-05 08:08:08,Kota Adm. Jakarta Timur,1,0,0,0,8814,0,0,0,0,0,0,0,0,0,0,0,0
2014-07-28 08:08:08,Kota Adm. Jakarta Timur,1,0,0,0,9308,0,0,0,0,0,0,0,0,0,0,0,0
2014-07-07 08:08:08,Kota Adm. Jakarta Barat,1,0,0,0,2068,50,0,0,0,0,0,0,0,0,0,0,0
2014-06-13 08:08:08,Kota Adm. Jakarta Timur,1,0,0,0,9308,0,0,0,0,0,0,0,0,0,0,0,0
2014-05-23 08:08:08,Kota Adm. Jakarta Timur,1,0,0,0,4327,0,0,0,0,0,0,0,0,0,0,0,0
2014-05-16 08:08:08,Kota Adm. Jakarta Timur,1,0,0,0,5427,0,0,0,0,0,0,0,0,0,0,0,0
2014-04-06 08:08:08,Kota Adm. Jakarta Timur,1,0,0,0,3427,0,0,0,0,1508,1508,0,0,0,0,0,0
2014-03-29 08:08:08,Kota Adm. Jakarta Timur,1,0,0,0,4054,650,0,0,0,0,0,0,0,0,0,0,0
2014-02-25 08:08:08,Kota Adm. Jakarta Selatan,0.333332986,0,0,0,14725,1810,0,0,0,0,0,0,0,0,0,0,0
2014-02-25 08:08:08,Kota Adm. Jakarta Timur,0.333332986,0,0,0,9517,1363,0,0,0,0,0,0,0,0,0,0,0
2014-02-25 08:08:08,Kota Adm. Jakarta Barat,0.333332986,0,0,0,42761,1967,0,0,0,0,0,0,0,0,0,0,0
2014-02-23 08:08:08,Kota Adm. Jakarta Selatan,1,0,0,0,0,1255,0,0,0,0,0,0,0,0,0,0,0
2014-02-23 08:08:08,Kota Adm. Jakarta Timur,1,0,0,0,5959,931,0,0,0,0,0,0,0,0,0,0,0
2014-02-23 08:08:08,Kota Adm. Jakarta Barat,1,0,0,0,0,453,0,0,0,0,0,0,0,0,0,0,0
2014-01-12 08:08:08,Kota Adm. Jakarta Selatan,0.200000003,2,0,0,21365,24847,0,0,0,0,0,0,0,0,0,0,0
2014-01-12 08:08:08,Kota Adm. Jakarta Timur,0.200000003,11,0,0,50205,19690,0,0,0,17010,17010,0,0,0,0,0,0
2014-01-12 08:08:08,Kota Adm. Jakarta Pusat,0.200000003,3,0,0,10392,3426,0,0,0,0,0,0,0,0,0,0,0
2014-01-12 08:08:08,Kota Adm. Jakarta Barat,0.200000003,3,0,0,68787,25319,0,0,0,0,0,0,0,0,0,0,0
2014-01-12 08:08:08,Kota Adm. Jakarta Utara,0.200000003,6,0,0,1220,7318,0,0,0,0,0,0,0,0,0,0,0
2013-12-13 08:08:08,Kota Adm. Jakarta Utara,1,0,0,0,0,640,3,0,0,2035,2215,0,0,0,0,0,0
2013-11-17 08:08:08,Kota Adm. Jakarta Timur,1,0,0,0,1890,0,0,0,0,0,0,0,0,0,0,0,0
2013-11-13 08:08:08,Kota Adm. Jakarta Selatan,0.5,0,0,0,265,85,0,0,0,173,173,0,0,0,0,0,0
2013-11-13 08:08:08,Kota Adm. Jakarta Timur,0.5,0,0,0,2620,0,0,0,952,0,14280,0,0,0,0,0,0
2013-11-08 08:08:08,Kota Adm. Jakarta Selatan,0.5,0,0,0,280,0,0,0,0,0,0,0,0,0,0,0,0
2013-11-08 08:08:08,Kota Adm. Jakarta Timur,0.5,0,0,0,2620,0,0,0,0,0,0,0,0,0,0,0,0
2013-10-27 08:08:08,Kota Adm. Jakarta Timur,1,0,0,0,2620,0,0,0,0,0,0,0,0,0,0,0,0
2013-10-20 08:08:08,Kota Adm. Jakarta Timur,1,0,0,0,180,0,0,0,0,65,65,0,0,0,0,0,0
2013-10-18 08:08:08,Kota Adm. Jakarta Utara,1,0,0,0,6676,0,0,0,0,0,0,0,0,0,0,0,0
2013-08-09 08:08:08,Kota Adm. Jakarta Selatan,1,0,0,0,7728,0,0,0,0,1000,1000,0,0,0,0,0,0
2013-08-09 08:08:08,Kota Adm. Jakarta Timur,1,0,0,0,7986,400,0,0,0,1000,1000,0,0,0,0,0,0
2013-08-08 08:08:08,Kota Adm. Jakarta Selatan,1,0,0,0,13286,0,0,0,0,0,0,0,0,0,0,0,0
2013-08-03 08:08:08,Kota Adm. Jakarta Timur,1,0,0,0,16016,0,0,0,0,0,0,0,0,0,0,0,0
2013-07-23 08:08:08,Kota Adm. Jakarta Selatan,1,0,0,0,3128,0,0,0,0,0,0,0,0,0,0,0,0
2013-07-23 08:08:08,Kota Adm. Jakarta Timur,1,0,0,0,11290,0,0,0,0,0,0,0,0,0,0,0,0
2013-07-23 08:08:08,Kota Adm. Jakarta Utara,1,0,0,0,485,0,0,0,0,0,0,0,0,0,0,0,0
2013-07-22 08:08:08,Kota Adm. Jakarta Selatan,1,0,0,0,2623,0,0,0,0,0,0,0,0,0,0,0,0
2013-07-22 08:08:08,Kota Adm. Jakarta Timur,1,0,0,0,11268,0,0,0,0,1428,1428,0,0,0,0,0,0
2013-07-22 08:08:08,Kota Adm. Jakarta Utara,1,0,0,0,245,0,0,0,0,0,0,0,0,0,0,0,0
2013-07-20 08:08:08,Kota Adm. Jakarta Selatan,1,0,0,0,335,0,0,0,0,0,0,0,0,0,0,0,0
2013-07-13 08:08:08,Kota Adm. Jakarta Selatan,1,0,0,0,3787,0,0,0,0,1500,1500,0,0,0,0,0,0
2013-07-11 08:08:08,Kota Adm. Jakarta Selatan,1,0,0,0,3428,0,0,0,0,0,0,0,0,0,0,0,0
2013-05-11 08:08:08,Kota Adm. Jakarta Selatan,0.5,0,0,0,120,0,0,0,0,0,0,0,0,0,0,0,0
2013-05-11 08:08:08,Kota Adm. Jakarta Timur,0.5,0,0,0,4120,0,0,0,0,0,0,0,0,0,0,0,0
2013-05-01 08:08:08,Kota Adm. Jakarta Timur,1,0,0,0,0,0,0,0,0,100,100,0,0,0,0,0,0
2013-04-17 08:08:08,Kota Adm. Jakarta Timur,0.5,0,0,0,2620,0,0,0,0,952,952,0,0,0,0,0,0
2013-04-17 08:08:08,Kota Adm. Jakarta Barat,0.5,0,0,0,371,0,0,0,0,104,104,0,0,0,0,0,0
2013-03-05 08:08:08,Kota Adm. Jakarta Timur,1,0,0,0,0,2236,0,0,0,5933,5933,0,0,0,0,0,0
2013-01-16 08:08:08,Kota Adm. Jakarta Selatan,0.200000003,3,0,0,0,2623,0,0,0,0,0,0,0,0,0,0,0
2013-01-16 08:08:08,Kota Adm. Jakarta Timur,0.200000003,6,0,0,0,11660,0,0,0,0,0,0,0,0,0,0,0
2013-01-16 08:08:08,Kota Adm. Jakarta Pusat,0.200000003,2,0,0,0,1268,0,0,0,0,0,0,0,0,0,0,0
2013-01-16 08:08:08,Kota Adm. Jakarta Barat,0.200000003,19,0,0,0,52065,0,0,0,0,0,0,0,0,0,0,0
2013-01-16 08:08:08,Kota Adm. Jakarta Utara,0.200000003,8,0,0,0,16314,0,0,0,0,0,0,0,0,0,0,0
2013-01-13 08:08:08,Kota Adm. Jakarta Barat,1,0,0,0,0,0,0,0,0,100,100,0,0,0,0,0,0
2012-12-24 08:08:08,Kota Adm. Jakarta Timur,1,0,0,0,7307,0,0,0,0,2425,2425,0,0,0,0,0,0
2012-12-21 08:08:08,Kota Adm. Jakarta Selatan,0.5,1,0,0,7307,190,0,0,0,0,0,0,0,0,0,0,0
2012-12-21 08:08:08,Kota Adm. Jakarta Timur,0.5,0,0,0,0,1505,5,0,0,0,300,0,0,0,0,0,0
2012-11-22 08:08:08,Kota Adm. Jakarta Selatan,1,0,0,0,0,500,0,0,0,100,100,0,0,0,0,0,0
2012-11-22 08:08:08,Kota Adm. Jakarta Timur,1,0,0,0,360,280,0,0,0,2035,2035,0,0,0,0,0,0
2012-04-02 08:08:08,Kota Adm. Jakarta Selatan,1,0,0,0,0,850,0,0,0,0,0,0,0,0,0,0,0
2012-04-02 08:08:08,Kota Adm. Jakarta Timur,1,0,0,0,0,559,1,0,0,0,60,0,0,0,0,0,0
2012-04-02 08:08:08,Kota Adm. Jakarta Barat,1,0,0,0,14040,500,0,0,0,0,0,0,0,0,0,0,0
2011-12-13 08:08:08,Kota Adm. Jakarta Selatan,1,0,0,0,0,0,0,0,73,294,1389,0,0,0,0,0,0
2011-12-01 08:08:08,Kota Adm. Jakarta Timur,1,0,0,0,0,0,0,0,50,200,950,0,0,0,0,0,0
2011-11-28 08:08:08,Kota Adm. Jakarta Utara,1,0,0,0,0,0,0,0,0,100,100,0,0,0,0,0,0
2011-11-24 08:08:08,Kota Adm. Jakarta Utara,1,0,0,0,0,0,0,0,0,10,10,0,0,0,0,0,0
2011-11-15 08:08:08,Kota Adm. Jakarta Selatan,1,0,0,0,0,130,0,0,0,290,290,0,0,0,0,0,0
2011-11-01 08:08:08,Kota Adm. Jakarta Timur,1,0,0,0,0,0,0,0,106,425,2015,0,0,0,0,0,0
2011-10-30 08:08:08,Kota Adm. Jakarta Selatan,1,0,0,0,0,1268,0,0,0,320,320,0,0,0,0,0,0
2011-05-20 08:08:08,Kota Adm. Jakarta Selatan,1,0,0,0,0,0,0,0,0,10,10,0,0,0,0,0,0
2010-10-25 08:08:08,Kota Adm. Jakarta Selatan,1,3,0,49,0,314,0,0,0,175,175,0,0,0,0,0,0
2010-10-04 08:08:08,Kota Adm. Jakarta Timur,0.5,0,0,0,0,0,0,0,0,350,350,0,0,0,0,0,0
2010-10-04 08:08:08,Kota Adm. Jakarta Utara,0.5,0,0,0,0,0,0,0,0,200,200,0,0,0,0,0,0
2010-09-26 08:08:08,Kota Adm. Jakarta Selatan,1,0,0,0,0,0,0,0,0,350,350,0,0,0,0,0,0
2010-09-14 08:08:08,Kota Adm. Jakarta Selatan,1,0,0,178,0,1000,0,0,0,220,220,0,0,0,0,0,0
2010-08-25 08:08:08,Kota Adm. Jakarta Timur,1,0,0,0,13087,145,0,0,0,3565,3565,0,0,0,0,0,0
2010-08-17 08:08:08,Kota Adm. Jakarta Selatan,1,0,0,0,0,1300,0,0,0,0,0,0,0,0,0,0,0
2010-06-30 08:08:08,Kota Adm. Jakarta Timur,1,0,0,0,0,300,0,0,0,487,487,0,0,0,0,0,0
2010-03-05 08:08:08,Kota Adm. Jakarta Selatan,1,0,0,0,0,0,0,0,0,10,10,0,0,0,0,0,0
2010-02-18 08:08:08,Kota Adm. Jakarta Selatan,0.5,0,0,0,0,3385,0,0,0,677,677,0,0,0,0,0,0
2010-02-18 08:08:08,Kota Adm. Jakarta Timur,0.5,0,0,0,0,553,0,0,0,155,155,0,0,0,0,0,0
2010-02-13 08:08:08,Kota Adm. Jakarta Timur,1,1,0,11,0,2059,0,0,0,7516,7516,0,0,0,0,0,0
2010-02-13 08:08:08,Kota Adm. Jakarta Barat,1,0,0,0,8152,0,0,0,0,2050,2050,0,0,0,0,0,0
2010-01-18 08:08:08,Kota Adm. Jakarta Utara,1,0,0,0,0,0,0,0,0,72,72,0,0,0,0,0,0
2009-12-01 08:08:08,Kota Adm. Jakarta Utara,1,0,0,0,0,0,0,0,0,0,0,0,0,0,0,0,0
2009-02-07 08:08:08,Kota Adm. Jakarta Timur,1,0,0,0,0,1061,0,0,0,0,0,0,0,0,0,0,0
2009-01-15 08:08:08,Kota Adm. Jakarta Barat,1,0,0,0,1500,0,0,0,0,0,0,0,0,0,0,0,0
2009-01-13 08:08:08,Kota Adm. Jakarta Selatan,1,0,0,2,1125,0,0,0,0,0,0,0,0,0,0,0,0
2009-01-13 08:08:08,Kota Adm. Jakarta Timur,1,0,0,0,18537,2098,0,0,0,0,0,0,0,0,0,0,0
2009-01-13 08:08:08,Kota Adm. Jakarta Pusat,1,0,0,0,0,300,0,0,0,0,0,0,0,0,0,0,0
2009-01-13 08:08:08,Kota Adm. Jakarta Barat,1,0,0,0,0,0,0,0,0,0,0,0,0,0,0,0,0
2009-01-13 08:08:08,Kota Adm. Jakarta Utara,1,0,0,0,0,944,0,0,0,140,140,0,0,0,0,0,0
2008-09-08 08:08:08,Kota Adm. Jakarta Selatan,1,0,0,0,0,0,0,0,0,0,0,0,0,0,0,0,0
2008-03-15 08:08:08,Kota Adm. Jakarta Selatan,1,0,0,50,0,132,0,0,0,0,0,0,0,0,0,0,0
2008-03-15 08:08:08,Kota Adm. Jakarta Timur,1,0,0,0,3794,0,0,0,0,777,777,0,0,0,0,0,0
2008-03-14 08:08:08,Kota Adm. Jakarta Selatan,1,0,0,0,0,0,0,0,0,0,0,0,0,0,0,0,0
2008-03-14 08:08:08,Kota Adm. Jakarta Timur,1,0,0,0,0,0,0,0,0,0,0,0,0,0,0,0,0
2008-03-12 08:08:08,Kota Adm. Jakarta Selatan,1,0,0,0,0,150,0,0,0,0,0,0,0,0,0,0,0
2008-03-12 08:08:08,Kota Adm. Jakarta Timur,1,0,0,0,0,200,0,0,0,0,0,0,0,0,0,0,0
2008-03-12 08:08:08,Kota Adm. Jakarta Barat,1,0,0,0,0,0,0,0,0,0,0,0,0,0,0,0,0
2008-03-12 08:08:08,Kota Adm. Jakarta Utara,1,0,0,0,0,0,0,0,0,0,0,0,0,0,0,0,0
2008-02-27 08:08:08,Kota Adm. Jakarta Timur,1,2,0,0,0,0,0,0,0,0,0,0,0,0,0,0,0
2008-02-01 08:08:08,Kota Adm. Jakarta Selatan,0.200000003,0,0,0,0,0,0,0,0,0,0,0,0,0,0,0,0
2008-02-01 08:08:08,Kota Adm. Jakarta Timur,0.200000003,1,0,0,0,887,0,0,0,0,0,0,0,0,0,0,0
2008-02-01 08:08:08,Kota Adm. Jakarta Pusat,0.200000003,0,0,0,0,20609,0,0,0,0,0,0,0,0,0,0,0
2008-02-01 08:08:08,Kota Adm. Jakarta Barat,0.200000003,5,0,0,0,37606,0,0,0,0,0,0,0,0,0,0,0
2008-02-01 08:08:08,Kota Adm. Jakarta Utara,0.200000003,0,0,0,0,250,0,0,0,0,0,0,0,0,0,0,0
2008-01-02 08:08:08,Kota Adm. Jakarta Timur,1,0,0,0,0,1466,0,0,0,0,0,0,0,0,0,0,0
2008-01-01 08:08:08,Kota Adm. Jakarta Selatan,1,0,0,0,0,1778,0,0,0,0,0,0,0,0,0,0,0
2008-01-01 08:08:08,Kota Adm. Jakarta Pusat,1,0,0,0,0,0,0,0,0,0,0,0,0,0,0,0,0
2008-01-01 08:08:08,Kota Adm. Jakarta Barat,1,0,0,0,0,2924,0,0,0,0,0,0,0,0,0,0,0
2008-01-01 08:08:08,Kota Adm. Jakarta Utara,1,0,0,0,0,0,0,0,0,0,0,0,0,0,0,0,0
